{
    "metrics": {
        "http_req_receiving": {
            "avg": 0.26883305544845315,
            "p(95)": 1.0007
        },
        "iterations": {
            "count": 819824,
            "rate": 9644.974119590817
        },
        "data_received": {
            "count": 208420014,
            "rate": 2451996.5761367753
        },
        "http_req_duration{staticAsset:yes}": {
            "avg": 0,
            "p(95)": 0,
            "thresholds": {
                "p(99)<250": false
            }
        },
        "http_req_sending": {
            "avg": 0.04122707861687406,
            "p(95)": 0
        },
        "http_req_tls_handshaking": {
            "avg": 0.00036054909346396307,
            "p(95)": 0
        },
        "http_req_waiting": {
            "avg": 1.8320391574900772,
            "p(95)": 3.2063
        },
        "iteration_duration": {
            "avg": 4.419648259870508,
            "p(95)": 7.0006
        },
        "http_reqs": {
            "rate": 19289.948239181635,
            "count": 1639648
        },
        "http_req_blocked": {
            "avg": 0.0024192451062667072,
            "p(95)": 0
        },
        "http_req_failed": {
            "passes": 0,
            "fails": 1639648,
            "value": 0
        },
        "data_sent": {
            "rate": 1293576.2479895852,
            "count": 109954142
        },
        "vus": {
            "value": 1,
            "min": 1,
            "max": 50
        },
        "errorRate": {
            "passes": 0,
            "fails": 0,
            "thresholds": {
                "rate < 0.05": false
            },
            "value": 0
        },
        "http_req_connecting": {
            "avg": 0.00003946072571673921,
            "p(95)": 0
        },
        "http_req_duration": {
            "p(95)": 4.0003,
            "avg": 2.142099291555585,
            "thresholds": {
                "p(95)<500": false
            }
        },
        "http_req_duration{expected_response:true}": {
            "p(95)": 4.0003,
            "avg": 2.142099291555585
        },
        "checks": {
            "passes": 819824,
            "fails": 0,
            "value": 1
        },
        "vus_max": {
            "value": 50,
            "min": 50,
            "max": 50
        }
    },
    "root_group": {
        "name": "",
        "path": "",
        "id": "d41d8cd98f00b204e9800998ecf8427e",
        "groups": {},
        "checks": {
                "status is 200": {
                    "name": "status is 200",
                    "path": "::status is 200",
                    "id": "6210a8cd14cd70477eba5c5e4cb3fb5f",
                    "passes": 819824,
                    "fails": 0
                }
            }
    }
}